,Symbol,Return,Volatility,Sharpe,Volume,betweenness,coreness,clustering
0,AADR,-0.13852107071153136,0.24418297425814015,-0.5672839031155898,14316.600476568705,0.0,0.0,1.0
1,AAXJ,-0.11312961599878578,0.22715861770090462,-0.49802035750957674,1246920.5718824463,0.001561412305218365,0.05253038829308175,0.9844597850602932
2,ACWF,0.18130161467137584,0.20285005503740666,0.8937715823539847,23695.552025416997,0.00017327362188720682,0.44149213200133813,0.9218664024161001
3,ACWI,0.359218043484147,0.20270208760281588,1.772147725424594,3582106.1953931693,0.00046711175508587065,0.48846749000029194,0.9074957083304274
4,ACWV,0.25905362273093635,0.15191408695420655,1.705263994438029,281478.15726767277,0.00013150894953233437,0.5713588491337005,0.9064278564278564
5,ACWX,0.05388220435900323,0.19988925690932544,0.26956028148849187,1837193.407466243,0.0003316287731109994,0.5733067613766103,0.9050812717479384
6,ADME,0.1625425075899732,0.16462572334943604,0.9873457457493385,26098.173153296266,1.991789182378698e-05,0.0,0.9418174124616524
7,AIA,-0.08566040224233466,0.2504060126182631,-0.34208604396780806,129132.72438443209,0.0,0.0,1.0
8,AMJ,0.16966787296061275,0.365538676422658,0.4641584705100602,1659067.1167593328,0.0002620598734101388,0.9258540024487975,0.8786193923502251
9,ANGL,0.09476611647779906,0.11629858615725804,0.8148518362008035,1218745.5123113582,0.00010001456393258926,0.49145800564501774,0.920235512632742
10,ASHR,-0.10378611570225109,0.26732192914938036,-0.3882439275838649,4070405.4011119935,2.9946514351420496e-06,0.10061903184022652,0.9951432888399155
11,ASHS,-0.09718975167789873,0.2610788375678781,-0.37226208214838663,18517.553613979348,0.00016032093213364735,0.7071775013970283,0.8956389895407705
12,ATMP,0.22875334868290303,0.3484081648228233,0.6565671295310529,97055.52025416997,0.0002620598734101388,0.9536091073084448,0.8786193923502251
13,BAB,-0.05076231080381146,0.11586653541418016,-0.4381101982755841,328612.8673550437,0.00014527321329194776,0.0,0.9011568482516419
14,BBC,-0.07478598604385622,0.3968658779712868,-0.18844146144826032,14082.287529785544,0.00016326788048372896,0.7201005122530145,0.8946739834032156
15,BIBL,0.283048560004488,0.24426471767350516,1.158777913979468,26662.03335980937,0.0,0.0022535211267605635,1.0
16,BICK,-0.1211427324046355,0.3173217076138113,-0.3817662942620658,12080.22239872915,6.125039391440417e-05,0.3416373220183286,0.9401585370860791
17,BIV,-0.017453658684052742,0.0555291971872553,-0.3143149832545858,1004569.579030977,0.0001774868686997077,0.7703800656085358,0.8906590342912057
18,BKLN,0.05696172753472486,0.08500729915363353,0.6700804295849705,7451658.856235107,2.9630370303551534e-05,0.03638993441922388,0.9648538501060289
19,BLES,0.23861065201073947,0.22645125120327156,1.0536954454561753,21645.591739475774,0.0001985440897821042,0.8253169118829238,0.8855285364711621
20,BND,-0.031844762701276584,0.059268533106772776,-0.5372962857695156,4547324.305003972,0.0002532730655265086,0.8811584306206691,0.8797820571666062
21,BSCN,0.10400531048649021,0.04938453792234505,2.106029839745263,322691.5806195393,0.00013689085194496374,0.5975391060844809,0.9036406703381299
22,BSCO,0.0864552196214224,0.055881010991751225,1.5471305562847517,336943.5266084194,0.00012814185955890817,0.5771958758929933,0.906910481910482
23,BSCP,0.08354446052788148,0.052697830611433544,1.5853491416733068,189865.9253375695,0.00014773590811231296,0.6406266481745552,0.9002384775106056
24,BSCQ,0.0718021333294168,0.05968905669121576,1.2029363054079507,140091.5806195393,0.00014527321329194776,0.6273069262231097,0.9011568482516419
25,BSCR,0.06335533867184676,0.0652734015652037,0.9706149388975703,62595.71088165211,0.00011427224634321097,0.5291860645916603,0.9133909568692178
26,BSJM,0.05064171439291612,0.07183261530820231,0.7049961104107749,210888.1652104845,2.34560395353616e-05,0.050388004734973034,0.9709168170706632
27,BSJN,0.06769223673080085,0.08004012061332057,0.8457288196481711,172688.56235107227,4.838966357196392e-05,0.014081121965702006,0.9502394114111734
28,BSJO,0.046781246493545696,0.08770822948175723,0.5333735131807205,118241.54090548054,1.672207628430997e-05,0.06249017803021799,0.9778877946299563
29,BSJP,0.09060578009098037,0.09663698721389394,0.9375890402133064,100943.12946783162,4.3932323255435195e-05,0.01808168437469539,0.9528901022072777
30,BSV,0.014343525777724775,0.024262319143254146,0.5911852734701507,2554276.2509928513,0.0001985440897821042,0.8073899215223257,0.8855285364711621
31,BTAL,0.07197989384647413,0.17183390450848826,0.4188922672295936,122469.73788721208,7.46656091169758e-05,0.40491787039246135,0.9314878041741483
32,CACG,0.40030650738191076,0.23572661283873125,1.6981812217179497,16052.899126290707,3.174624837528328e-05,0.004250044271294493,0.9938322772805822
33,CALF,0.6815916274213045,0.2969994730642089,2.294925376093007,75199.92057188245,3.906603376902984e-05,0.026327082564046266,0.9566499764556037
34,CDL,0.5238525682417202,0.21175922658645763,2.473812247457564,24229.70611596505,8.046752447663397e-05,0.44451609450323665,0.9279390198660986
35,CIZ,-0.03163596350288197,0.17069129949935893,-0.18534022293854985,13020.254169976171,0.0001985440897821042,0.8118824533531905,0.8855285364711621
36,CMBS,-0.023364521112836108,0.06654042522460805,-0.35113272922390965,65937.1723590151,0.00016032093213364735,0.7154905413416965,0.8956389895407705
37,CMF,0.03688156151345399,0.06053076952832513,0.6093027034159116,176814.2176330421,0.0001774868686997077,0.7721931445840098,0.8906590342912057
38,CNXT,-0.13657650683139622,0.31151706132407136,-0.4384238418624385,15286.17950754567,0.0,0.0,1.0
39,CNYA,0.03752921892255542,0.2539803048283628,0.14776428805342706,87322.87529785544,0.0004925209299833417,0.23258060525855925,0.9699035833358364
40,COMT,0.23853380359117465,0.21805719583360544,1.093904755948501,344616.4416203336,0.0013895360562545412,0.1405917808219178,0.9970557862200186
41,CORP,-0.0073758132249993015,0.08303508765057199,-0.08882766832303685,62101.0325655282,5.352355027403021e-05,0.010255215009905606,0.9460506088473559
42,CSB,0.4306047052272852,0.2511537270665899,1.7145065305485847,18710.007942811757,7.583132206819968e-05,0.42226836969817655,0.9307668600980186
43,CSF,0.3785438830723577,0.18529627838864557,2.042911419291375,12268.705321683876,0.0001985440897821042,0.8404673241083848,0.8855285364711621
44,CSML,0.24916951375809604,0.2723893593747702,0.9147549461184096,43349.40428911835,0.0001985440897821042,0.8127800844262224,0.8855285364711621
45,CVY,0.16421116274421607,0.24169885605834904,0.6794039716289493,23422.160444797457,0.0001281418595589082,0.57427987526081,0.906910481910482
46,CZA,0.47800943344031827,0.236205335991387,2.0237029423321258,11658.300238284353,5.162424845021398e-05,0.30699530085385907,0.947638326585695
47,DBAW,0.21432927344886846,0.1753040718917948,1.2226143473790025,18764.733915806195,0.00033594744401579127,0.5888374912302964,0.9035156393859006
48,DBEF,0.3567293799099066,0.1829028437777947,1.9503763448494578,904548.8482922955,0.0002256311879875772,0.5557337954131396,0.9077648399694473
49,DBEM,-0.022121428559790494,0.18974251196497247,-0.11658656950780874,26537.013502779984,0.0008657647761571893,0.13460451574230012,0.9797591781153308
50,DBEU,0.36508929852766825,0.19267066267396069,1.8948878540241292,280305.6393963463,0.00015081194263972595,0.32059172559538324,0.9413295859009344
51,DBJP,0.3348215911005734,0.2013824664177135,1.662615405683216,143802.85941223192,2.7883641056769833e-05,0.2439916954277103,0.9667561051976844
52,DDIV,0.3432781457320661,0.2391045505584345,1.435682193962146,12747.02144559174,0.0,0.08723427878415195,1.0
53,DDWM,0.11038181824494442,0.1769046943400709,0.6239620641878111,48877.760127084985,0.00010108699138766554,0.41820237684425027,0.9293599727392085
54,DEEP,0.22236560945720138,0.28427591120796186,0.7822175593855716,27970.691024622716,0.00011888662564470561,0.5449513125180107,0.9110442599030858
55,DEM,0.06886983434980057,0.20703042887133816,0.3326556135987172,311855.1231135822,0.0,0.0013054830287206266,1.0
56,DEUS,0.4663002530243978,0.22227700102758,2.0978340128250137,29823.431294678317,0.00016596109564065586,0.7265463514313109,0.8937458149189769
57,DGP,0.4111111930913476,0.35045939444989854,1.1730636975409139,21234.23351866561,0.0002620598734101388,0.8952454302879124,0.8786193923502251
58,DGRE,-0.12323132493301468,0.2199848635739657,-0.5601809275917773,19847.41858617951,0.0002456817908022034,0.1779700364545743,0.978097251851712
59,DGRS,0.33540521846291027,0.27985586788649164,1.1984927133954155,17311.914217633042,5.007596081615132e-05,0.012923304927751018,0.948847272665134
60,DGS,0.0037785684249591975,0.19901187742516147,0.018986647801361153,189872.35901509135,0.000131911549596292,0.5839926426256788,0.9052239790057178
61,DIAL,-0.02627360934510391,0.07576708286727492,-0.34676812608885493,177114.3764892772,0.0005229243564820684,0.24884996260962178,0.964280824692724
62,DIV,0.008904842318689597,0.22559434928415384,0.03947280748363625,168629.62668784749,2.3204805463162456e-05,0.2335147291012878,0.9711736915954019
63,DJP,0.43763126039539074,0.18639715350192557,2.3478430446678993,318816.1239078634,0.0002620598734101388,0.9057709219183083,0.8786193923502251
64,DPST,-0.716112807108994,1.0433005610253856,-0.6863916630172018,781211.1993645751,0.0,0.0,0.0
65,DVY,0.4703396339861938,0.22062512981771834,2.1318497778326106,799270.4527402701,0.0001285679774033824,0.3080390683696469,0.946303211351755
66,DWAS,0.6057122632271603,0.3056339119869724,1.981822826169168,42183.637807783954,8.611156271118226e-05,0.4404826825861337,0.9280570964737391
67,DWX,-0.0655531955654027,0.17666374153181166,-0.3710619677643282,83714.53534551231,4.047817970490734e-05,0.2770947063542206,0.9554660498392932
68,DXJS,0.16888866309168066,0.21571564455625444,0.7829226454071011,12120.969023034155,0.00016032093213364735,0.7081026686881968,0.8956389895407705
69,EDIV,-0.0688079654079657,0.20224752135915192,-0.3402166065895871,59693.64575059571,2.807074628591378e-07,0.12101912848212275,0.9994975680153937
70,EDOW,0.49730832223793975,0.20862306959341018,2.383764763921623,31468.78474980143,0.0013927624857466875,0.08766939225015839,0.9920199797823631
71,EELV,0.04470184499084445,0.15667305469368709,0.2853192916819132,177509.45194598887,0.00014773590811231296,0.6377776121919941,0.9002384775106056
72,EEM,-0.11963064765413184,0.2326811879796667,-0.5141397492975925,56951564.57505957,0.0002700569377030795,0.13881051236993963,0.9831966325464013
73,EEMA,-0.08258035614114782,0.23201187816454028,-0.35593158761717686,69857.50595710882,0.00037467713869211976,0.061634501750080575,0.9840634270649297
74,EEMS,0.07384566952771975,0.20706498855559155,0.35663039919418393,47501.98570293884,0.00021344991492439956,0.864388300738357,0.8832255178583718
75,EEMV,-0.017129500758265262,0.15993122843850552,-0.10710541603106397,604399.285146942,9.766392661597587e-05,0.4844762770975051,0.9216891019730776
76,EES,0.3341093206477462,0.27552796022374565,1.21261493888471,82135.82208101668,0.00015265220403367152,0.6548294814722527,0.8984081721262901
77,EFA,0.05392286725674857,0.19806636607550254,0.272246461250232,27077927.084988087,0.00019971697172557716,0.49046183399589127,0.9181811396569846
78,EFAD,0.02129987536038087,0.1796550119134178,0.11855987280024254,12647.180301826847,7.46656091169758e-05,0.41003916752414776,0.9314878041741483
79,EFAV,0.0041684131602340215,0.1541113615242148,0.02704805874795323,895352.7402700556,8.747232074169523e-05,0.4675581061981621,0.9256422805528538
80,EFG,0.12729959004218772,0.19842537131942573,0.6415489571505474,584152.0254169976,0.00010544776345360902,0.21053660037376806,0.971917222306854
81,EFV,-0.03911167876552542,0.20839884460788216,-0.1876770422557617,2012682.4463860206,7.734203889895518e-05,0.4131022498854626,0.9308265355673421
82,EMGF,-0.06986562515962322,0.21858559045123957,-0.3196259415609023,73777.52184273233,0.00020238810811707797,0.16395513829766556,0.9822715702536974
83,EMXC,0.018944438873995672,0.2189054092182523,0.08654166629161618,140726.5289912629,4.096048499399008e-06,0.011818282094514741,0.9955338657202011
84,EPI,0.2788998304904119,0.24321714534076005,1.1467112242422652,1253545.6711675932,0.006926588680410772,0.002964681618973962,0.3
85,EPP,0.046550960034419796,0.22145202564158767,0.2102078763992021,503207.62509928516,0.0013869585360203824,0.0030287408171156076,0.6666666666666666
86,EPRF,-0.04748825045438483,0.14930058014406206,-0.31807143956549133,27549.4837172359,5.810856194625678e-06,0.08504158267228665,0.9911053249111978
87,EQAL,0.4645899090532126,0.22584914117777335,2.0570806983388903,74995.47259729945,0.00019330077920606494,0.804692769780968,0.8866163615058364
88,ERTH,0.4289680135732657,0.2590127747296919,1.6561654691392755,21422.716441620334,0.0,0.0,1.0
89,ESGD,0.07450274398939388,0.1976816618890068,0.37688242438605796,315426.2112787927,0.00011454087578653109,0.47950432861177217,0.9226342056551909
90,ESGE,-0.10942201449927719,0.22688368413647397,-0.4822824299408775,1101397.8554408262,0.00016065462378718666,0.12304484488296381,0.9869904987248397
91,EUFN,-0.13203026443712826,0.2788476344440096,-0.4734853307985974,1435605.8776806989,0.0,0.0019504583577140628,1.0
92,EUSA,0.5164654356755795,0.22145666079597526,2.3321287055411326,25769.579030976965,0.0002466455197345145,0.8732185187938217,0.880896920879631
93,EUSC,0.1602600665231307,0.19601911196946378,0.8175736789793044,14201.509134233518,1.6120800999890698e-05,0.06376459546746902,0.9785943330353529
94,EWA,0.17648807396434407,0.2674799195325378,0.659818031472359,3187323.1135822083,0.0,0.0063417600555989925,1.0
95,EWRE,0.27992423314523346,0.2540948730667588,1.101652425201387,20476.727561556792,0.0004168725901460935,0.07020077113319713,0.9953654451805897
96,EWUS,-0.16478697149521518,0.25019101055686493,-0.6586446536525795,15803.097696584591,0.00010882342107304034,0.512333778934778,0.9163431210436986
97,EWX,0.07349664292281502,0.1959508131037598,0.3750769989604335,74365.36934074662,0.0001985440897821042,0.8217406122316875,0.8855285364711621
98,EWZS,-0.10780434100225925,0.419414244791313,-0.2570354782677904,78367.83161239079,2.1272471075648368e-06,0.1143669509951497,0.9964562041933783
99,EXI,0.3183384655605317,0.21592757451688735,1.4742835243380874,32114.455917394756,3.3560382557662486e-05,0.25771564670416,0.9615417488041246
100,EZM,0.3972480995247303,0.2640026028454781,1.5047128143552484,74952.10484511517,0.00016032093213364735,0.7053260301713227,0.8956389895407705
101,FALN,0.09470169861733528,0.10919686601019447,0.8672565621846149,575749.0865766482,8.206217636800766e-05,0.44552263216813476,0.9282116527528452
102,FBND,0.004878615896788022,0.0695485521683449,0.07014690809061198,210544.79745830025,0.0,0.0019049528774814518,1.0
103,FBZ,-0.08007698134107054,0.3985867140412201,-0.20090228429638357,35021.52501985703,0.0,0.07863885328050343,1.0
104,FCG,0.3831675767634778,0.4661926062297317,0.8219083092335862,915486.4972200159,0.0,0.0,1.0
105,FCOR,0.023977462532052865,0.08170569259727649,0.29346134608070273,29418.26846703733,5.2724944277926344e-05,0.3090846824201437,0.9469185025887351
106,FCVT,0.18393060031062644,0.18677984168044262,0.9847454556970292,72347.10087370929,7.500831923377225e-05,0.4038911484758271,0.9318541996830428
107,FDMO,0.5062306089242844,0.222996062169611,2.270132503681814,26127.084988085782,0.0006127005942770446,0.13297746350312253,0.9251383456954401
108,FDT,-0.1352438442343785,0.20867184682515555,-0.6481173492833378,86479.34868943605,0.00016032093213364735,0.6997624265040897,0.8956389895407705
109,FEM,-0.15843851210087886,0.24306762092924908,-0.6518289498830301,166470.2144559174,5.866942565548389e-05,0.0025095804930986535,0.9420500622070949
110,FEMS,0.025873748900173923,0.2288530102047089,0.11305837260794545,38280.54011119936,0.00011427224634321097,0.5242425917735515,0.9133909568692178
111,FEP,-0.0751147489836279,0.2364928542793703,-0.31761952898117773,103759.88880063542,0.0001405265234394303,0.6110312921019853,0.9020651726014847
112,FEUZ,-0.07983670092222184,0.2435764222130747,-0.32776859187291385,12539.634630659253,0.00011888662564470561,0.5478955709400284,0.9110442599030858
113,FEX,0.5258902303096399,0.22405423573623576,2.347155940085577,70591.18347895156,0.0001803010481916048,0.7785300417477791,0.8897558321903339
114,FGD,0.04420431536604583,0.2205054471289006,0.20046813328926683,112335.50436854646,6.536196347463831e-05,0.36044984923531065,0.9371600662397487
115,FIDU,0.5113980358187348,0.24057240901512217,2.125755143378012,105767.67275615568,0.0,0.12142787137649659,1.0
116,FIHD,0.2968984827342147,0.3910518745456324,0.7592304296691696,24505.08339952343,0.0002620598734101388,0.884685991531866,0.8786193923502251
117,FIXD,-0.03956589667174693,0.0568859666686083,-0.6955300048294829,435295.7903097697,5.296909740152014e-09,0.044958573885491224,0.9999853608977869
118,FLCO,-0.03840771251866687,0.0760833609606682,-0.5048109341347577,81991.104050834,8.578303641203132e-05,0.47154002239014836,0.9260065544521333
119,FLJP,-0.0034625673262692436,0.17892055141841645,-0.019352541107319873,136092.05718824465,1.7952916907850932e-05,0.20964495142515388,0.9764851920977569
120,FLN,-0.09225762868183618,0.3211448964480941,-0.2872772686168082,21523.1135822081,0.0,0.04748880983226744,1.0
121,FLOT,0.05809682863630687,0.05635840250374315,1.030845908601619,1465813.4233518667,0.00014527321329194776,0.6282609472885524,0.9011568482516419
122,FLRN,0.05737553724380583,0.056965054310660325,1.0072058727602877,952611.9142176331,0.0001405265234394303,0.6052540682592248,0.9020651726014847
123,FLTB,0.025872484577517983,0.033118346604503836,0.7812130504727409,46278.077839555204,8.56067283157306e-06,0.1670554446093321,0.9903082200111903
124,FLTR,0.06440026173333424,0.06788111504629439,0.9487213297750599,228143.8443208896,6.125039391440417e-05,0.34058965789823825,0.9401585370860791
125,FM,-0.1142763404791185,0.17604231268015882,-0.6491413271009489,120028.59412231931,0.0,0.08460708742206204,1.0
126,FMAT,0.4462753054984386,0.2494228849572853,1.7892315918600055,82814.53534551231,0.0,0.0,0.0
127,FMB,0.01991250312614243,0.05229634868005731,0.38076278036091393,177031.21525019858,0.00015265220403367152,0.6623733374577634,0.8984081721262901
128,FMHI,0.03541645679872757,0.0633964312935897,0.5586506381520673,28759.253375694996,0.00012407260950696977,0.5606263899063189,0.9085947277636925
129,FNCL,0.4068595070410786,0.2689533925427373,1.5127509759016247,225177.60127084987,0.0,0.0,1.0
130,FNDA,0.4246335174529201,0.26052927653443586,1.629887907805991,367057.3471008737,0.00017748686869970774,0.7730992104711246,0.8906590342912057
131,FNDC,-0.035209097396873,0.19473419846458906,-0.18080592764128953,260996.34630659255,0.0002466455197345145,0.874101348877357,0.880896920879631
132,FNDE,-0.04228701904522325,0.21601609044241285,-0.1957586537124022,725884.9086576648,2.737202794148184e-05,0.20347836410043332,0.9728158897034273
133,FNDF,0.09984692140503883,0.20418400077703042,0.4890046283012741,848820.9690230342,0.00012571844456794485,0.5527956688857407,0.9097742647958119
134,FNK,0.35332365428704937,0.2844326465887302,1.2422049948363725,24412.94678316124,0.0001552884438211004,0.6839314758487332,0.8974704471505183
135,FNX,0.48080306519101756,0.2569240074124845,1.8713823983723767,41349.56314535345,0.00016945158537799338,0.7540136728074037,0.8927415303901323
136,FNY,0.5473550804518232,0.25640434535400475,2.134734026040461,44026.60841938046,8.506291124674449e-05,0.46256947833416784,0.9266035008035343
137,FPE,0.030044734117720108,0.13166980489231875,0.22818241541628376,1558360.9213661635,8.44843038981984e-05,0.4615708853607907,0.9267573822775699
138,FPEI,0.0575443943894872,0.10550482957598528,0.5454195283832324,123171.32644956314,4.2122183694741046e-05,0.28634045293923094,0.9539143539672614
139,FREL,0.22558172152720293,0.24371152357304865,0.925609582263304,372372.2001588562,0.0006940029708262781,0.009828265814652104,0.7272727272727273
140,FRI,0.17060469943306475,0.24958104788946103,0.6835643205914627,60288.0063542494,5.509644052874391e-05,0.004332711975414379,0.9759791490560721
141,FTA,0.39525121961537685,0.24579370865579803,1.6080607667988547,89440.50833995234,0.0001405265234394303,0.6225309003412074,0.9020651726014847
142,FTHI,0.11272764647859942,0.1681208399284066,0.6705156036967452,19005.95710881652,0.00014913341791073406,0.18689834864184762,0.9607442367485476
143,FTSD,0.009539436304471342,0.016236192462589248,0.5875414649371588,23532.08895949166,0.0,0.004167202572347267,1.0
144,FTSL,0.08952251052031983,0.06940928814925701,1.2897771019897446,384654.0111199365,0.0,0.0009011444534558889,1.0
145,FUTY,0.42653167328352304,0.22243581653326705,1.9175494303532354,215670.84988085783,0.0,0.0,1.0
146,FVD,0.45230348771299617,0.1912270070672178,2.3652699200276035,1176440.2700555997,0.0001838119149284994,0.7848616995984354,0.8887618893524565
147,FXC,-0.038775815637584476,0.07140160691476286,-0.543066428237027,43356.552819698176,0.0002620598734101388,0.9708530697200093,0.8786193923502251
148,FXD,0.2938952978625674,0.27884360446827655,1.0539789801634243,148080.778395552,7.258037441833481e-05,0.3946469199764812,0.9328512266656597
149,FXF,-0.015462303833194968,0.07172157227288184,-0.21558790951158938,33849.64257347101,0.0002620598734101388,0.8829227018667009,0.8786193923502251
150,FXO,0.5267884024056532,0.28550139396444674,1.8451342569320475,295348.7688641779,5.9641639863616126e-05,0.33006949688597115,0.9414479180209067
151,FXR,0.4396339391658979,0.2522117738903287,1.7431142582465933,195240.66719618745,8.44843038981984e-05,0.4595716496519574,0.9267573822775699
152,FXU,0.3694186460528066,0.214147913329881,1.7250630198004362,214409.69023034154,0.0,0.002186159926006895,1.0
153,FYC,0.4182422308885302,0.28416278598688366,1.4718402673171826,49062.35107227958,0.00015265220403367152,0.6642549183857945,0.8984081721262901
154,FYT,0.3865548536841617,0.3066437571097785,1.2605991308206383,27606.910246227166,0.00016032093213364735,0.6941848078446369,0.8956389895407705
155,FYX,0.434195122953521,0.28252764894647037,1.5368234739948816,52776.886417791895,0.0001985440897821042,0.8333474426916346,0.8855285364711621
156,GAMR,0.23648733224143123,0.27305915030035594,0.8660663155997632,18018.586179507547,3.945130452819182e-05,0.26788054298642533,0.956363935651613
157,GBF,-0.023409884000839782,0.0553275944410899,-0.42311407602883355,26817.235901509135,3.9279836563468856e-05,0.2709537286435052,0.9564597323359684
158,GDXJ,0.08407505753143484,0.45854387027954174,0.18335226568437218,11198143.606036536,6.682084056101429e-07,0.035555035989244976,0.9989956117421542
159,GEM,-0.14154793272001812,0.21298072848474423,-0.6646044162167337,198397.53772835585,0.00035392755984000777,0.17582931801334323,0.9760709596990391
160,GHYB,0.02387536371825963,0.0959688995373687,0.2487823016972593,17009.293089753774,0.00017360068059858968,0.7612954556875094,0.8916905058235655
161,GIGB,-0.010726042862751747,0.08632017629749068,-0.12425881552634817,51853.93169181891,0.00021344991492439956,0.8688039876937641,0.8832255178583718
162,GII,0.1568622386703443,0.20709118457161813,0.7574549297925175,33361.08022239873,6.968782918788313e-09,0.0038620844061345574,0.9999930255265728
163,GMF,-0.024113621542774792,0.21941355982116761,-0.10990032504111655,25459.491660047657,0.0011851621844036543,0.04997481375434131,0.9932022252447228
164,GNR,0.42814579165789124,0.26053850390844124,1.6433110086805087,237798.2525814138,2.1375306567024867e-07,0.09680703739101601,0.9995892224472073
165,GOEX,0.15191089908478406,0.40268369783475655,0.37724621061546304,11758.45909451946,0.0,0.0023846784410164693,1.0
166,GOVT,-0.034120539917110226,0.05304396000560084,-0.6432502383590419,5814972.041302621,8.098319520318442e-07,0.12980140290644332,0.9990205959559724
167,GQRE,-0.03287948532779185,0.20791684642319902,-0.15813766846419045,17302.938840349485,0.0004104021942353326,0.05687442328663703,0.9899952106212827
168,GRU,0.5811209344095036,0.3240844780428824,1.793115603434147,15565.68705321684,0.0002620598734101388,0.9699926685048531,0.8786193923502251
169,GSEW,0.5125538611834823,0.22085854832013968,2.3207336328251302,44636.21922160445,0.0001985440897821042,0.8235293202009549,0.8855285364711621
170,GSG,0.3717210733894177,0.24698664972918505,1.5050249630779677,1071701.429706116,9.760497102644267e-05,0.4854727764279114,0.9215908170354205
171,GSIE,0.06379554934167891,0.19103749427395098,0.3339425571097317,410876.64813343924,0.00017216312860184513,0.6472647926946262,0.8987965117645677
172,GSP,0.4908225865605311,0.31581386168344605,1.5541514990640402,16212.31135822081,0.0002620598734101388,0.9440918038690879,0.8786193923502251
173,GSSC,0.40501758131093324,0.25375612350447097,1.596089882354296,25734.31294678316,0.0001985440897821042,0.8324562518537351,0.8855285364711621
174,GUNR,0.5522595507368271,0.24260746524895785,2.2763501946245217,866155.5202541699,1.2284466112729338e-07,0.07990583085418956,0.9997474367256143
175,GVAL,-0.14622848730673776,0.2152816892953853,-0.6792425671934388,25778.87212073074,1.8507697684605586e-09,0.13019783721582107,0.9999963335716512
176,GVI,0.022428740395214274,0.03721348973020739,0.6027045718587403,118071.00873709293,0.00014436790983211374,0.6358759116912733,0.9010118443436097
177,GYLD,-0.05293443936300187,0.1953627561878187,-0.27095460975228836,13705.639396346307,0.00014773590811231296,0.6387277576934978,0.9002384775106056
178,HACK,0.5116276890566805,0.2529084319267542,2.022976004235616,230708.7370929309,9.518988635892616e-06,0.08985009745535548,0.986148166532233
179,HAWX,0.2589487543787981,0.17945979149856328,1.442934666403372,18173.709293089752,0.00033594744401579127,0.5830220379179492,0.9035156393859006
180,HDEF,-0.01659908832486479,0.18846155806098602,-0.08807678603343254,158213.8999205719,5.557223870340183e-06,0.0025747672806496337,0.9944002357795462
181,HDMV,-0.08319536222077553,0.15146915150207127,-0.5492561448701182,19064.17791898332,8.366824059849179e-05,0.45456343193503485,0.9273739475430864
182,HEDJ,0.2646648387335812,0.2107426900993408,1.25586723130858,455949.8014297061,0.0,0.0,1.0
183,HEEM,0.0019956013026732823,0.20460248221886276,0.009753553725406873,52644.956314535346,0.00028712579810949944,0.14527582011187762,0.9826904505623774
184,HEFA,0.30591397613399346,0.18492042213673623,1.6543006586248792,641155.7585385226,0.00011343008140767631,0.4735327196390072,0.9233129289006803
185,HEWJ,0.3090265669324226,0.20516043984472324,1.506267812480374,427892.4543288324,1.0101289031828455e-05,0.08635397209334354,0.9854301626238692
186,HEZU,0.3368353731947841,0.21391483957523225,1.5746236860595249,475286.02065131057,8.629680929145827e-05,0.16272769688131303,0.9876052465776963
187,HFXI,0.16213193395244252,0.1920569548934127,0.8441867363898491,72716.91818903892,0.00015608618276225612,0.5664853395688204,0.9064515166524441
188,HIPS,-0.018471157682401682,0.22314995296284126,-0.0827746429571396,17193.486894360605,0.0,0.05904028967115106,1.0
189,HSCZ,0.22853834835072132,0.18286835426274983,1.2497424678648974,12404.130262112787,0.0002466455197345145,0.8767483613293521,0.880896920879631
190,HTRB,-0.013407496028920383,0.05382518157020123,-0.24909337298628006,70649.72200158857,6.102274610656572e-09,0.10273243435060327,0.9999868286739767
191,HYD,-0.05292711367573307,0.1685907476980392,-0.31393842425166874,617443.2486100079,0.0001405265234394303,0.620619270543254,0.9020651726014847
192,HYG,0.019464011711999813,0.10109063460407133,0.1925402069957519,25800933.0420969,0.0001985440897821042,0.8342383637030414,0.8855285364711621
193,HYGH,0.09363415737508148,0.09989895183045133,0.9372886868122252,18593.804606830818,0.0001803010481916048,0.7803395008419169,0.8897558321903339
194,HYLB,0.03216091746433086,0.09975699609771929,0.32239260124499824,2180279.0111199366,0.0001985440897821042,0.8100863186517848,0.8855285364711621
195,HYLD,-0.0249373877282742,0.11482639301810368,-0.21717470237302097,24576.25099285147,2.7426670654682736e-05,0.04199136794149383,0.9670369169120259
196,HYLS,0.08198256626327853,0.0815091592823368,1.005808021885024,273879.9841143765,7.46656091169758e-05,0.4110609945175484,0.9314878041741483
197,HYLV,-0.007307093861029173,0.09441962197968039,-0.07738956911521738,15483.558379666401,0.0001552884438211004,0.6698930974675243,0.8974704471505183
198,HYMB,0.059152267069284836,0.1501133668044308,0.3940506320556317,306110.32565528195,0.00010882342107304034,0.5093576840438765,0.9163431210436986
199,HYS,0.06479911059991184,0.08204911315492654,0.7897600364985914,362962.8276409849,7.660944547271336e-05,0.4283507642799678,0.9302108870765998
200,IAGG,0.02562556491203196,0.04307241104720256,0.5949415017410843,240263.5424940429,0.00017748686869970774,0.7740049619932432,0.8906590342912057
201,IBD,-0.01850149732152704,0.07499607346487135,-0.24669954661284052,40293.80460683082,8.331526214546661e-05,0.4485399576212941,0.927472139566911
202,IBDO,0.10228378162522644,0.04495093251216051,2.275454054208014,205701.1914217633,0.00015008129114759073,0.651049447464056,0.8993359659638483
203,IBDP,0.10989724803740958,0.05258721087766652,2.0898094080909377,189995.07545671167,0.00014527321329194776,0.6263524210652089,0.9011568482516419
204,IBDQ,0.08222447456944688,0.05027237303745165,1.6355797349807164,157848.21286735503,0.00016326788048372896,0.7173349507009379,0.8946739834032156
205,IBDR,0.0662179969346198,0.0590569822018417,1.1212560219942085,136589.51548848292,0.00016326788048372896,0.7219423948185927,0.8946739834032156
206,IBDS,0.05364642068028984,0.06745554851415206,0.795285515601951,83531.45353455123,0.0001405265234394303,0.621575330452988,0.9020651726014847
207,IBMK,0.05641482562367819,0.026639311842923445,2.1177283390923782,46893.80460683082,0.00017748686869970774,0.7631149678100828,0.8906590342912057
208,IBML,0.05807644405222708,0.031736404186207566,1.829962957097286,41634.551231135825,0.00018861465115873138,0.8019948691964268,0.8876868539302505
209,IBUY,0.11957080623101204,0.33960224748390216,0.35209073884789277,111661.08022239873,2.1438189282072624e-05,0.052961911041233455,0.972974996795938
210,ICOW,0.04252925718438765,0.2107467423164127,0.20180267897348905,14331.056393963463,4.1879410525625304e-05,0.2822274814950068,0.9543316564593161
211,ICVT,0.44271125907328907,0.19591454105875888,2.2597161838054207,208917.4741858618,0.00013689085194496374,0.598504592063185,0.9036406703381299
212,IDEV,0.08442386118048449,0.19734983943181217,0.4277878382042181,338473.7887212073,0.00016505911093966382,0.6177481314018188,0.9010544883942518
213,IDHQ,0.122654070043245,0.20409259876526967,0.6009726505776504,18448.212867355043,1.6280417733293174e-05,0.06934642211314905,0.9957984279656634
214,IDLV,-0.08852862194081594,0.15565992861604666,-0.5687309683867457,154158.61795075456,0.00016326788048372896,0.718257171267947,0.8946739834032156
215,IDMO,0.20390450375284694,0.20085463724337377,1.0151844465795314,18164.098490865767,0.0,0.0013853293620558287,1.0
216,IDOG,0.1076866247178476,0.2003045077723604,0.5376145844916779,42757.1882446386,3.936287798193171e-05,0.26890583293300924,0.956411159369253
217,IDU,0.3792245356613656,0.22041084513009107,1.720534828662988,120222.63701350278,0.0,0.00328086059497145,1.0
218,IDV,-0.016205949479932882,0.21431363502681228,-0.07561791146842055,884437.6489277204,2.3362245536517154e-08,0.06848442444052256,0.9999469701388852
219,IEFA,0.055498843723375206,0.19869449052071755,0.2793174766845809,10276612.549642574,0.0002494466774563105,0.6139129677399099,0.9005397006438389
220,IEI,-0.009228719401735662,0.037263214390389605,-0.24766299828701308,1052382.5258141381,0.0,0.0,1.0
221,IEUR,0.07626694161936994,0.21486464139305428,0.3549534307967125,779569.1818903892,8.368771747469524e-05,0.32479580729691593,0.9408947339829734
222,IEUS,-0.014461056222528777,0.22790614245679794,-0.06345180549607181,29152.899126290707,0.00018861465115873138,0.793890903700935,0.8876868539302505
223,IEV,0.07574743240591024,0.21517831847284874,0.3520216764565342,441923.5901509134,0.00013411399750873674,0.27914686080825574,0.9514721875377613
224,IFGL,-0.12020227739323776,0.18345411764612354,-0.6552171133335021,66752.26370135028,1.1826692161572056e-05,0.07062572539756877,0.9832494206755311
225,IGBH,0.01839230790666521,0.11942337366441823,0.15400928094987432,83390.62748212868,0.0001552884438211004,0.6727082953040239,0.8974704471505183
226,IGEB,-0.001999301233886046,0.07030296517491637,-0.028438362861533804,16853.21683876092,0.00016032093213364735,0.6988338047290418,0.8956389895407705
227,IGF,0.1595453179651344,0.20330460757366844,0.7847599711055361,364793.08975377283,0.00416091042238651,0.0019940179461615153,0.996272807103132
228,IGIB,0.01090566400284946,0.06775624425002262,0.16095437584478892,1321227.6409849087,0.0001985440897821042,0.8190554421209917,0.8855285364711621
229,IGLB,-0.07893558003256074,0.14374947116325196,-0.5491190986220462,377276.330420969,0.0001985440897821042,0.8208458374840347,0.8855285364711621
230,IGRO,0.10169466202173061,0.1961392516056456,0.5184819519256464,20474.185861795075,5.968012232983022e-06,0.1549167069568233,0.9927324634995367
231,IGSB,0.03870659661699594,0.043254681259008006,0.8948533543738714,2386269.976171565,0.00018861465115873138,0.7893781630205292,0.8876868539302505
232,IHDG,0.3405964516101538,0.18030751559942731,1.8889753456912228,103393.24861000794,4.187997877839478e-06,0.0,0.994537884409267
233,IJJ,0.45233665682734686,0.26222688089065,1.7249820281238584,363664.4956314535,0.0001574135085858838,0.6857986940375774,0.8966000528792272
234,IJK,0.409607110652513,0.2457030265342233,1.6670820723303543,397038.6814932486,0.00010882342107304034,0.5113423903341883,0.9163431210436986
235,IJS,0.3703387549129498,0.2700141538658714,1.3715531190150658,550538.5226370135,0.00016032093213364735,0.7117995799505165,0.8956389895407705
236,IJT,0.412246554711286,0.2684466184002155,1.5356742326203767,238795.47259729943,0.00012864296326177578,0.5703840460747639,0.907477934989527
237,ILCV,0.4352111598144817,0.20458288089058352,2.1273097627716195,30530.897537728357,0.0002245241155861241,0.3552315439053561,0.9303113419807285
238,IMCB,0.42915535613161837,0.23918770780477933,1.7942199457920605,35974.74185861795,0.0001985440897821042,0.8377993658348705,0.8855285364711621
239,IMCV,0.39071656482485784,0.24037914532640886,1.6254178967743105,27135.42494042891,0.0001608913600551406,0.6960455898007899,0.8955899290491843
240,IMOM,-0.12320253636239845,0.2259040838949807,-0.545375427651292,12538.363780778396,1.9845412935330632e-06,0.10524794194812047,0.9966619620113252
241,IMTM,0.07875051522966388,0.1986403181243922,0.39644779052532964,91449.96028594123,1.0205469211446718e-05,0.17232986351527385,0.9879093921243788
242,INDA,0.3537595021020617,0.2605997954276355,1.3574818872039183,4229152.025416997,0.002776812601343523,0.007527574269382498,0.16666666666666666
243,INDY,0.36095846175681007,0.24037915997657283,1.5016212794486377,139441.85861795075,0.0,0.0,0.0
244,INTF,-0.026310601256437895,0.19887667575471485,-0.13229606315869918,241996.82287529786,5.007596081615132e-05,0.012087487441069635,0.948847272665134
245,IPAC,0.008153268395525033,0.18335592123592961,0.04446689444533387,89417.39475774424,0.005603947050117387,0.33323123362370916,0.938607786893673
246,IQDF,-0.08509986765466382,0.1912299266628538,-0.4450133362478268,124267.83161239079,0.00010823471128461643,0.40183969052354596,0.9290365229718571
247,IQDG,0.08682556061205601,0.1983684005121363,0.437698546683316,38016.6004765687,2.0856503487666497e-08,0.0045101478326234025,0.9939890710382514
248,IQDY,0.006712830027683734,0.20960442646125468,0.032026184470510685,11825.73471008737,0.00011530360974501071,0.46855458427019897,0.9236685107516557
249,IQLT,0.20720226895272928,0.1940568565322121,1.06774000494198,523795.63145353453,2.607012660252492e-05,0.15099872481246482,0.9905632843661835
250,ISCB,0.20567823679418554,0.26550987828034617,0.7746538024359844,11876.886417791899,0.000238416057915884,0.8705702079415177,0.8820588171295527
251,ISCF,0.04865791521371047,0.1996855142621818,0.24367273406634749,36174.02700555997,0.0001552884438211004,0.6801970129163418,0.8974704471505183
252,ISCG,0.2909554719208755,0.2687643213919587,1.0825673229764519,54868.94360603653,0.0001985440897821042,0.8520013593826413,0.8855285364711621
253,ISCV,0.23669026299492846,0.2738864027074888,0.8641913605609479,28207.069102462272,0.00018861465115873138,0.7929889641101734,0.8876868539302505
254,ISMD,0.26086708831398747,0.27453219188869754,0.950224039371491,19597.37887212073,0.00016945158537799338,0.7348163655473998,0.8927415303901323
255,ISTB,0.012877034061404283,0.026509919741198137,0.48574398516161993,563474.6624305004,0.0010336894707160867,0.6042893752931409,0.9013953763377284
256,ITM,0.03995046457294979,0.091793785642033,0.4352197078868071,225748.13343923748,0.0001985440897821042,0.831564790365965,0.8855285364711621
257,IUSB,0.0010159310069208438,0.051735380772088516,0.019637064456843496,942101.8268467038,0.0013605741715073465,0.06120593649855679,0.9919955506603125
258,IUSV,0.48633455534023795,0.20815311311381723,2.3364270082970715,626191.2629070691,0.0003566825294719168,0.41514468064686405,0.927436934363631
259,IVE,0.4797728074220969,0.2074536088485657,2.3126751570386768,1108254.646544877,0.00034103069066041436,0.3677319996067929,0.9326699581260286
260,IVLU,-0.008477334003537689,0.20309786765204219,-0.0417401428264205,279505.71882446384,4.413533975749468e-05,0.284282772340924,0.9532249531047088
261,IVOG,0.40283840638573487,0.2374314474806611,1.6966514362784493,19681.652104845114,0.00011427224634321097,0.525232544231707,0.9133909568692178
262,IVOO,0.4349364143080287,0.2497711533621675,1.7413396561346381,31349.40428911835,0.00016945158537799338,0.7421474014133349,0.8927415303901323
263,IVOV,0.4513573500023318,0.2572598559359618,1.7544803030391403,18421.68387609214,0.00016032093213364735,0.6951153969620939,0.8956389895407705
264,IWC,0.23427380546884452,0.26979687247309886,0.8683340296770997,54169.49960285941,0.0001985440897821042,0.8431329121390565,0.8855285364711621
265,IWD,0.4160376022170824,0.21155076983451465,1.9666087839932105,2590292.0571882445,0.000345538818634744,0.3760382242623105,0.9311632283694617
266,IWM,0.28723559617216493,0.2629023698052846,1.092556131711184,26538038.760921367,0.0001985440897821042,0.8502297205978399,0.8855285364711621
267,IWN,0.26520332136380115,0.27129200770938083,0.9775567057909714,1322754.4082605243,0.0001838119149284994,0.7875719071796803,0.8887618893524565
268,IWO,0.26534917214215287,0.2748235448152443,0.9655256150652567,659736.298649722,0.00019679393259569445,0.8064905334480602,0.8865126632814957
269,IWX,0.4397590210873212,0.2034058361578866,2.1619783846613614,80527.32327243844,0.00024750097208834504,0.18923115717944974,0.977104479072983
270,IXUS,0.03273173723032509,0.19593870916257702,0.1670508975496335,1703697.696584591,0.000362195255868743,0.6538844999035628,0.8969812184260091
271,JHMD,0.06920782778350752,0.19746628261033292,0.3504792153305369,42090.46862589357,0.00017432656125884938,0.6567181015766977,0.8979235242001256
272,JHMM,0.5138145020201039,0.23273832219127627,2.2076918712072904,170018.82446386022,0.00043151535188497514,0.8537737090635348,0.8841925701288855
273,JHSC,0.3143282994623145,0.24290748328308737,1.2940247670179532,51249.801429706116,0.00017748686869970774,0.7640242344915782,0.8906590342912057
274,JNK,-0.004266235817050566,0.10077068757931301,-0.04233607926603423,7453071.778395552,0.00020595228718757388,0.8617367562293482,0.884375215383555
275,JPEM,-0.04850464030054272,0.20195332179166742,-0.2401774819558527,35909.69023034154,0.00417271881305767,0.4864704575906749,0.9195725996105406
276,JPHY,0.09516492257398046,0.09072961098203888,1.048884940031536,65225.416997617154,0.00015008129114759073,0.6501039629359596,0.8993359659638483
277,JPIN,-0.07349042992388351,0.18482114421296894,-0.39762999107505076,130976.64813343924,0.00018861465115873138,0.7983960857312049,0.8876868539302505
278,JPME,0.47728613322703495,0.2122788861986249,2.248391923351474,13872.359015091342,0.0001838119149284994,0.7866688115642478,0.8887618893524565
279,JPSE,0.47582229386160596,0.2522953127205055,1.8859735788620269,35818.34789515488,0.0001985440897821042,0.8262102912582188,0.8855285364711621
280,JSMD,0.4688382795673023,0.2557912500458343,1.8328941255156024,13957.426528991264,1.6504850365174916e-05,0.20260460055424268,0.9781620031285935
281,JVAL,0.5036347051553268,0.22225715290067022,2.265999985073183,64513.1850675139,0.0003654883198457717,0.5192832542725323,0.9057496849098715
282,JXI,0.30083122321056827,0.19860341460373046,1.5147333887023593,37689.43606036537,0.002775847424909282,0.006211854651289069,0.3333333333333333
283,KBA,-0.09138365518650085,0.26682344992156665,-0.34248734589618446,208849.08657664814,0.00048945716851581,0.22697766662418759,0.9707027942421677
284,KBWD,0.06405607018381851,0.28110076254553856,0.2278758321526836,107143.68546465448,0.0,0.008444626315985268,1.0
285,KXI,0.2716446038399598,0.16123137556604336,1.6848122946683486,80459.72994440031,0.0,0.0035786711201240607,0.0
286,LMBS,6.504857134855777e-05,0.022804095845338216,0.002852495086397187,623353.0579825258,0.0013888888888888902,0.003155171325802991,0.9969418960244648
287,LQDH,0.06760251543413404,0.0838397633268084,0.8063299889172948,52097.53772835584,0.00016032093213364735,0.7145683542596759,0.8956389895407705
288,LRGE,0.5708783567219611,0.23118130953722785,2.469396673393403,21469.023034154092,5.817213652373527e-07,0.0,0.9872318692543411
289,LRGF,0.38678692746901716,0.21853011018763066,1.76994798170797,201908.33995234314,0.0001330977551279217,0.23444844225466072,0.9550684900157762
290,LVHD,0.3905374709959533,0.18978093223600734,2.0578330309300497,97492.61318506752,1.3032432123197783e-05,0.1940950517570827,0.9817595207066319
291,LVHI,0.2729427385746569,0.16293057227954053,1.6752088620076049,17694.91660047657,3.8423935669641547e-05,0.19659539132239984,0.977097541395635
292,MDYG,0.4117453259644425,0.24596843673711855,1.6739762687702076,226362.74821286736,0.00011427224634321097,0.5272105567328068,0.9133909568692178
293,MDYV,0.44712611248053086,0.26034386946191934,1.7174443684986878,269800.47656870534,0.0001552884438211004,0.6745829788704314,0.8974704471505183
294,MEAR,0.03893094398242426,0.015801096540692627,2.4638128045205754,45952.422557585385,2.9946514351420496e-06,0.09934912346849781,0.9951432888399155
295,MILN,0.48282352810320917,0.2598500220912285,1.8580853840901306,24812.708498808577,4.951565371170504e-06,0.12344403826709185,0.9928045108310763
296,MLN,-0.053077016613501865,0.10799190881194438,-0.4914906792316214,71754.32883240667,0.00016945158537799338,0.7375681200378308,0.8927415303901323
297,MLPB,0.13651246200723977,0.34857488943974224,0.3916302239287908,27522.23987291501,0.0002620598734101388,0.9380226756186647,0.8786193923502251
298,MMIN,0.031233930609105124,0.08068722333015711,0.3870988406838799,76797.37887212072,0.0001188866256447056,0.5459333276079559,0.9110442599030858
299,MMIT,0.059921399664881664,0.04665691598096522,1.2842983383069726,42299.12629070691,0.00012407260950696977,0.5645325705228762,0.9085947277636925
300,MOTI,-0.03722522073114357,0.20361524071527004,-0.18282138704537496,13551.389992057188,4.17345653929153e-05,0.26685435040505584,0.9552272088396835
301,MTUM,0.5395477628402731,0.2430585461150996,2.219826340048837,1128896.9023034154,3.352902797798911e-05,0.030038128894262068,0.989932153122683
302,MUB,0.03155368986540104,0.05824473500182023,0.5417432127455802,1835248.5305798252,0.0001985440897821042,0.815471243383708,0.8855285364711621
303,MUNI,0.030656462261677484,0.04313100942111558,0.7107754414546359,73849.72200158857,0.0001405265234394303,0.611992359691585,0.9020651726014847
304,MXI,0.30808725911022233,0.23484925149952543,1.3118511434167586,55441.858617950755,1.7603952841045873e-05,0.10357200510705743,0.9962585533072789
305,NEAR,0.06816322705838987,0.03269916949187856,2.08455529964819,967274.1064336775,6.125039391440417e-05,0.3363892662132464,0.9401585370860791
306,NFLT,0.0041268997978086055,0.0527927004434856,0.07817178820444007,15466.799046862589,7.450727781599998e-05,0.38949235901727675,0.9329626687847498
307,NFRA,0.18290544326004562,0.18012694320579542,1.0154252329207394,100679.9841143765,7.329545510022894e-08,0.11562645898936118,0.999854986646687
308,NIB,0.03006632300132821,0.2986158967053444,0.10068560760847836,42264.09849086576,0.0002620598734101388,0.8873290979356603,0.8786193923502251
309,NUDM,0.06819352057455486,0.19689174094759063,0.34635033570406015,33209.05480540111,4.028319846969185e-05,0.2730011761736226,0.9557148649394979
310,NUEM,-0.057916313437973516,0.21465848485476907,-0.2698067745943413,26781.890389197775,0.00011417151739918345,0.03386609071274298,0.9894903600906167
311,NULV,0.38835216614356194,0.20645223703886295,1.881075117972482,96277.44241461478,0.00010216574467926696,0.24982241942929279,0.9634970927877107
312,NUMG,0.3558461197941993,0.25225484623300676,1.410661182959021,27877.36298649722,3.1374435847579017e-06,0.152649402441428,0.9949512213922095
313,NUMV,0.2793472797229,0.23733555933254932,1.1770140155503828,25674.106433677523,3.864147508641098e-05,0.027524453744707772,0.9570124983782381
314,NUSC,0.3847468630101339,0.25776695100988894,1.492615176238685,70790.15091342335,0.00017409542554318018,0.7485439907455057,0.8925578128778999
315,NXTG,0.2833053578156176,0.21100137693626583,1.342670658974854,38742.09690230341,0.00011397605000995582,0.5043916288432687,0.9164995750258693
316,NYF,0.008909923037394137,0.05156973017974688,0.17277428069409126,35147.33915806196,0.00016945158537799338,0.7439766997267093,0.8927415303901323
317,OMFS,0.4888664675824666,0.2680671509418273,1.823671665345354,14561.31850675139,0.0001774868686997077,0.7767203405576318,0.8906590342912057
318,OUSM,0.40412428037230724,0.22363191383033987,1.8070957469822457,24501.191421763306,3.906603376902984e-05,0.026720831402399944,0.9566499764556037
319,PBD,0.6736960390177533,0.3132523444900327,2.15064963077775,54943.20889594917,0.00013451840704740178,0.5956065439579332,0.904272695246195
320,PBP,0.04857663429166787,0.17121929646536863,0.283710044921795,76008.57823669579,0.0005158184499459167,0.14834127813073444,0.9313582639571648
321,PCEF,0.04505216923419465,0.16203088935532264,0.2780467935061341,160332.24781572676,1.2756423406553777e-05,0.08032712652825995,0.9823801415219283
322,PDN,-0.040572074756356775,0.19630328573694103,-0.2066805688149609,85219.77760127085,0.0002532730655265086,0.8802767428240095,0.8797820571666062
323,PDP,0.48196303992256767,0.24815332968876005,1.9421985613775863,118122.16044479745,1.7060577473937798e-05,0.20173459539955133,0.9780465677967983
324,PEY,0.42880222647570077,0.22274643649652925,1.9250688505734286,224535.2660841938,1.2138059745290826e-06,0.14478412944223426,0.9979612354982821
325,PEZ,0.38235225727497407,0.29261806621216147,1.3066597774511681,12539.078633836378,0.0,0.0024161663493922976,1.0
326,PFF,-0.006785787877542795,0.15702766320992936,-0.043213964589608106,4154248.2922954727,7.393451017563115e-05,0.3936163401659228,0.9325491232707728
327,PFFD,-0.007461816420905928,0.1437981210785792,-0.05189091738429865,442227.16441620333,5.385141458264471e-05,0.3101293228592048,0.9466725792906421
328,PFFR,-0.15621313561625022,0.26662100692996243,-0.5858995786377973,15167.831612390786,2.6981899793671244e-05,0.04284605433376455,0.9674893253148962
329,PFI,0.31450582077976097,0.25377782899289336,1.2392958913229895,15311.83478951549,0.0,0.001123325042124689,1.0
330,PFIG,-0.00277886044052897,0.06090055243036532,-0.045629478381273535,22509.69023034154,0.0001774868686997077,0.7667500898574262,0.8906590342912057
331,PFXF,0.06644132233952305,0.1628807804116793,0.40791382612235383,184470.5321683876,1.7972961035229826e-06,0.1317808219178082,0.9987665461107998
332,PGF,-0.036352458219268004,0.13913647126470757,-0.261271957588369,472979.34868943604,2.34560395353616e-05,0.04956077793625615,0.9709168170706632
333,PGX,-0.04179708596574664,0.15844926377506072,-0.26378845170958337,3020384.2732327245,7.46656091169758e-05,0.4120820205795687,0.9314878041741483
334,PHB,0.09681231117838593,0.08297632474498418,1.1667461950854616,470517.31532962667,8.578303641203132e-05,0.46656095677943366,0.9260065544521333
335,PID,0.24222930097842246,0.21734897116754331,1.1144718085262992,165355.52025416997,0.0,0.06719690775291756,1.0
336,PIE,-0.0906718109949429,0.23935455041756531,-0.3788179954663976,75710.88165210484,1.409995393445716e-05,0.06505149774646513,0.9809568825166746
337,PIN,0.010610920580674983,0.2510503635224403,0.04226610323042419,46376.330420969025,0.0,0.0,0.0
338,PIZ,0.053067477373649696,0.21902347816566847,0.242291273146113,38397.93486894361,9.795072142662158e-06,0.18312173803117043,0.9860758922247596
339,PREF,0.05513377932801306,0.07465615640723747,0.7385027837123982,77343.12946783162,5.84116955876953e-07,0.11604464930891237,0.9989729496428226
340,PRFZ,0.3622022466376589,0.2568474960399632,1.4101840672852166,67420.0158856235,0.0001985440897821042,0.8279962213308968,0.8855285364711621
341,PRN,0.5214181863291127,0.26217046080374157,1.9888517750267893,13541.461477362987,0.0,0.09509848977069237,1.0
342,PSC,0.4088136845403595,0.2685818082343031,1.52211978625046,49583.3995234313,0.00016032093213364735,0.70347303449641,0.8956389895407705
343,PSCH,0.4639851436696339,0.2673627933926928,1.7354140334259198,37804.924543288325,0.0,0.07486068864825404,1.0
344,PSCT,0.604784910810984,0.28341744321787665,2.1339015127098464,15587.847498014296,0.0,0.12224023322149759,1.0
345,PSK,-0.05197787749420022,0.14062385000214014,-0.36962348487407487,178985.86179507547,7.393451017563115e-05,0.3956766504248071,0.9325491232707728
346,PXI,0.4034840356000867,0.4455940860083458,0.9054968372998775,50441.06433677522,0.0,0.0017057084375710712,1.0
347,PY,0.5197674955402883,0.2519709695060766,2.0628070628896533,18377.918983320094,2.787817671413978e-05,0.24496057260243692,0.9665930769608152
348,PZA,-0.01047396038616916,0.08447945291753854,-0.12398234155698101,506230.6592533757,0.00016032093213364735,0.7136457991915219,0.8956389895407705
349,PZT,-0.009095646989254772,0.07541928440596521,-0.12060107783965346,15097.617156473392,9.847263602229428e-06,0.07359113079415493,0.9857327783765035
350,QABA,0.17604066755879638,0.31424891211772865,0.5601949943834503,30051.23113582208,1.9633298159266187e-05,0.2168243248767486,0.9749628297676096
351,QDEF,0.41751408246978844,0.19987871214455752,2.0888371652496507,30554.408260524226,0.00029350981114804555,0.05339349975735957,0.9753300736296076
352,QDF,0.45048648826599524,0.20900146761723343,2.155422607323595,86956.71167593329,0.00028245249621885023,0.05425913026171758,0.9772670416858881
353,QEFA,0.1063297882304225,0.18659532092933154,0.5698416643078222,54781.65210484512,0.00016129526312567914,0.36149220637588947,0.9344692355571509
354,QLC,0.47134574349734026,0.21571903665898517,2.184998370090337,12490.945194598888,0.0006830490355882731,0.15046426324904028,0.9402052747823827
355,QLTA,0.004080707322602585,0.08067986849244638,0.050579003149771366,139694.59888800635,0.0001985440897821042,0.8288887737192513,0.8855285364711621
356,QMOM,0.7207841054797264,0.3122122987287139,2.3086345682558354,12684.114376489277,3.7757373910652e-05,0.2627690471963823,0.9576594036868575
357,QQQE,0.607590529888938,0.24544587681135763,2.475456250405518,62629.547259729945,0.00037863061804239956,0.5994695508333342,0.9028613726535205
358,QVAL,0.30984231130053674,0.2723928190353631,1.1374834050243878,22905.242255758538,1.6097365308646907e-05,0.19999828717263587,0.978998928562381
359,QYLD,0.022209166285583528,0.1885278464949235,0.11780310812695544,1684913.7410643368,3.2911999816521135e-06,0.010507589738474071,0.95
360,RCD,0.3475200270037499,0.2764621546258287,1.2570256767118553,37785.6235107228,5.955653215674013e-05,0.32796197895378004,0.9414800979815442
361,REET,0.0928161132729437,0.2229122167040812,0.41637966121954756,539653.9316918189,0.0005293176420776772,0.12463475076748573,0.9891788258561885
362,REGL,0.4966027081275062,0.2170513380226183,2.287950457489263,57033.83637807784,4.838966357196392e-05,0.015539829141844255,0.9502394114111734
363,RFCI,-0.022963435102146802,0.05056615514927619,-0.45412658000903006,24911.040508339953,0.0013888888888888898,0.06977497749774977,0.9977142857142857
364,RFDI,-0.03550594630447994,0.19683748645248508,-0.18038203466416838,28249.801429706116,6.719545377228118e-05,0.2832525692101234,0.9520247818120159
365,RFFC,0.37608303789816167,0.2165850540865473,1.7364219312560647,13751.86656076251,0.0005597575906513284,0.23726425256636446,0.9298352149617972
366,RIGS,0.02659784760545026,0.08210287443939168,0.32395756892878075,42366.16362192216,0.0,0.0,0.0
367,ROAM,-0.10549422008026807,0.20708595796775733,-0.5094223727940704,14003.891977760128,0.00011888662564470561,0.5390465503021781,0.9110442599030858
368,ROBO,0.16214602819024393,0.2622106313028998,0.6183808314123485,221150.75456711676,6.492074301047085e-05,0.35836234347400603,0.9375696411679063
369,RODM,-0.04608442897718955,0.17881172419223176,-0.2577259918798525,428711.99364575057,0.00015880987824518314,0.6885964791619096,0.8964631752338034
370,ROUS,0.4351817838896107,0.20541361857303794,2.1185634473153256,46739.078633836376,0.00021309991941894735,0.6529390684102868,0.8979197517805514
371,RVNU,-0.03049174180529792,0.07630749185457998,-0.3995904080218803,20008.419380460684,0.00011888662564470561,0.5400321990173786,0.9110442599030858
372,RWK,0.5903668528641317,0.2735185974748244,2.1584157651966285,20580.85782366958,6.296421503200039e-05,0.3458286699302737,0.9389096722621902
373,RWO,-0.008082569523996158,0.21195421707307038,-0.038133563160999646,185629.22954725972,0.0006580571331678229,0.15967691214377508,0.9846975311075197
374,RXI,0.31437317656893654,0.2330903865354111,1.3487178997027274,21804.130262112787,0.0,0.0,1.0
375,RYF,0.49091332954239864,0.27620600457555233,1.7773448853756402,56274.583002382846,6.843017463489137e-05,0.3718874967660864,0.9357664881873778
376,RYU,0.41961816278523256,0.22508494202099094,1.86426581457457,28867.03733121525,0.0,0.017407686510926904,1.0
377,SBIO,0.036954877099089026,0.3608802316794624,0.10240205435223931,39709.37251787133,5.204929139340085e-06,0.09073600923102283,0.9919461370597491
378,SCHA,0.3784385656117806,0.26270120770191013,1.4405665239316252,1151765.2899126292,0.00020673840967284205,0.8546595013046258,0.8843591334114458
379,SCHC,-0.02107968994249131,0.20689840814581048,-0.10188425387804588,398999.285146942,0.0001985440897821042,0.8181598197581583,0.8855285364711621
380,SCHE,-0.03992170034863261,0.22416977394239884,-0.17808690104175517,1969306.751389992,0.0006367069828828227,0.11188601015034255,0.9825876964342204
381,SCHF,0.07797980841815806,0.19653147916465027,0.3967802448218898,4401315.091342336,0.00016325057362510698,0.5917408818930862,0.9032276813621003
382,SCHH,0.1762308977982598,0.24873343590412392,0.7085131002097733,1792882.2875297857,0.0006940029708262781,0.0,0.7272727272727273
383,SCHM,0.40870771713542026,0.24038196308800472,1.700242863004621,440501.19142176333,0.0001774868686997077,0.762205375234035,0.8906590342912057
384,SCHO,0.017968167423272556,0.013386655508426564,1.3422447012222019,1141697.0611596506,0.0002743264818943134,0.45756965875039135,0.9256342957130359
385,SCHP,0.014613283694791757,0.06292075856996371,0.2322490069559914,1756411.6759332805,0.0004359576177676556,0.23821336106318416,0.9657654897755993
386,SCHR,-0.015145698096625308,0.042979253463377644,-0.3523955600934498,753846.0683081811,6.611723225803139e-05,0.3521023597916028,0.9382433253397282
387,SCHV,0.42575596630964735,0.20840376030672178,2.042938024165369,576462.5893566322,0.0003620425856277674,0.4303784951064501,0.9264347576319553
388,SCHZ,-0.037317794062281265,0.05714743562828908,-0.6530090747205504,755088.244638602,0.00020595228718757388,0.8608529754758919,0.884375215383555
389,SCJ,-0.12568196029721712,0.18133246771612047,-0.693102354366978,42858.53852263701,0.0001838119149284994,0.7857654093656671,0.8887618893524565
390,SDG,0.44786654893898264,0.18208524220675956,2.459653201495736,15502.779984114377,0.0,0.03343917184985429,1.0
391,SDOG,0.3485051144724143,0.23402468773432686,1.4891809827690046,114474.18586179508,3.96884520557131e-05,0.2760703461817561,0.9560987700219971
392,SDVY,0.42307460230334304,0.2796458433707176,1.512894299460359,71049.642573471,0.00012628524064169067,0.5684358250524918,0.9077524422192119
393,SHAG,0.01128467536408899,0.026669247660318623,0.4231343721360219,17096.425734710087,0.0,0.0,1.0
394,SHE,0.32377176852049055,0.21819100539451736,1.4838914552644809,12956.552819698174,0.0,0.0,1.0
395,SHM,0.017529312775488814,0.04265670089167924,0.4109392524284066,523956.3939634631,0.00016596109564065586,0.7247058576185308,0.8937458149189769
396,SHY,0.015266634391413215,0.013755063965304818,1.1098919227072384,3406019.1421763306,2.1848900927099434e-09,0.019878776619214604,0.9999929920459721
397,SHYD,0.052430026008326004,0.12596694108573575,0.4162205222768808,94120.17474185862,0.0001552884438211004,0.6736458475525495,0.8974704471505183
398,SHYG,0.06333801059030171,0.07891317024210462,0.8026291479100571,1287549.483717236,0.0001552884438211004,0.6680141656934031,0.8974704471505183
399,SIZE,0.525474134890819,0.2246734466713878,2.3388350634037707,75964.01906274821,0.00047627865796047013,0.8758662694277706,0.8807311124147087
400,SJNK,0.14940107100191172,0.07876653272256502,1.896758253002437,4138653.1374106435,0.00016945158537799338,0.7549241282919308,0.8927415303901323
401,SKOR,0.016996690667269384,0.05825346166535721,0.2917713416742263,16448.37172359015,0.0001774868686997077,0.768565716809516,0.8906590342912057
402,SKYY,0.37473725156745036,0.2952977169317875,1.269015065409439,379716.20333598094,1.8029831598119867e-05,0.10399113973558105,0.9910478557436958
403,SLQD,0.06352284447275708,0.03942451145889236,1.611252546248845,300879.9841143765,0.0002466455197345145,0.8776302086003518,0.880896920879631
404,SLY,0.40216076249554983,0.26485434790424317,1.5184223543158488,89526.3701350278,0.00017411422007425584,0.7603862474186871,0.8916603198781416
405,SLYG,0.4296546083366367,0.2633537722994001,1.6314731495403585,168360.36536934075,0.00013650189433178273,0.5907731309691643,0.9041149349209004
406,SMB,0.016628170763537817,0.055087931961756265,0.3018477944512712,80629.38840349484,0.00016032093213364735,0.7062519556694016,0.8956389895407705
407,SMDV,0.27581111044116624,0.23911732382134782,1.1534551576331356,60628.27640984909,0.00011888662564470561,0.5410172355297718,0.9110442599030858
408,SMIN,0.1253736931713243,0.26460395027378397,0.4738164076598288,65017.87132644956,8.44843038981984e-05,0.45857100027429243,0.9267573822775699
409,SMLF,0.39397671640872906,0.24886984956476765,1.5830632641829832,62045.43288324067,0.00011571583484659348,0.5351060803697202,0.9126351016002583
410,SMLV,0.3481730366551367,0.24155391210138522,1.4413885232750907,13457.505957108817,0.00016032093213364735,0.6932538210298618,0.8956389895407705
411,SMMD,0.4239380385182159,0.2493246970774427,1.7003451462593637,30027.879269261317,0.00043151535188497514,0.8590846667209915,0.8841925701288855
412,SMMU,0.034616097104920814,0.02750330490280751,1.258615909151603,44430.18268467037,0.0001405265234394303,0.6081450107138956,0.9020651726014847
413,SMMV,0.3010798635148101,0.18851834406300913,1.5970852333297556,99775.53613979349,0.00011427224634321097,0.5232520047615972,0.9133909568692178
414,SPAB,-0.00763783320871851,0.06048029151326653,-0.1262863160479828,1604168.2287529786,2.7923415688221017e-05,0.038538892642791846,0.9665510257003287
415,SPBO,-0.009571183188880781,0.08670346699860794,-0.11038985544873829,67503.2565528197,0.0002532730655265086,0.8785126325262858,0.8797820571666062
416,SPDW,0.06364403445404221,0.19790287565963616,0.32159226712551964,2525462.3510722797,0.00017432656125884938,0.6651950603185287,0.8979235242001256
417,SPEM,-0.004612342374594835,0.21552735062688158,-0.021400264797852352,1511660.841938046,0.002114485282629151,0.17301920979076638,0.974869960936694
418,SPEU,0.09930388689514891,0.2135718965270625,0.46496701349732944,65081.3343923749,0.00016329575875195538,0.37292472416963146,0.9332364808282793
419,SPFF,0.009043643016183645,0.1618304818949608,0.05588343376530014,81886.65607625099,0.0,0.0,1.0
420,SPGM,0.36428819926353506,0.20337901456261154,1.791178898407862,45583.47895154885,0.0004493128970543232,0.5153127870965182,0.9042148005155793
421,SPHB,0.7363887604811007,0.330730226279589,2.226554157945578,435693.2486100079,0.00010648635591886758,0.5014087865834391,0.9174957162220915
422,SPHD,0.24316073232467758,0.21757663446974357,1.1175866053691155,882785.941223193,4.547171953818773e-06,0.1615040770213184,0.9928716637156535
423,SPHY,0.03776714983591928,0.09296235382121511,0.4062628395635607,119479.82525814138,0.0001985440897821042,0.8306730574015935,0.8855285364711621
424,SPIB,0.02168709813145335,0.05368987946939964,0.40393270288144034,2303234.0746624307,0.0002620598734101388,0.9371548394277635,0.8786193923502251
425,SPIP,0.02895579464957404,0.06753329666617472,0.4287632335306545,741287.3709293089,0.00048614241055486014,0.27504817041543306,0.9528402914445742
426,SPLB,-0.08176449178430775,0.14835539041310306,-0.5511393388311029,933003.0976965845,0.0001985440897821042,0.8136774258554295,0.8855285364711621
427,SPMD,0.43571202875423104,0.2491016424253841,1.7491335043475043,730511.6759332804,0.00016945158537799338,0.741232237250343,0.8927415303901323
428,SPSB,0.042587075673051374,0.03999382094688268,1.0648413846132103,1675171.0881652106,0.0001774868686997077,0.7676580636260428,0.8906590342912057
429,SPSM,0.4079709660798644,0.2659679377089262,1.5339103261624922,590217.9507545672,0.00017411422007425584,0.758566853852805,0.8916603198781416
430,SPTI,0.009022385452198982,0.04257301625386998,0.21192732500786407,1452054.0111199364,5.754518785390011e-05,0.323745598911584,0.9430702609856353
431,SPTL,-0.1086022712414877,0.15066368885369125,-0.7208257813662775,1800951.787132645,8.94751985217132e-06,0.17942802002181454,0.9873038974045992
432,SPTS,0.01569243382633641,0.01462026262549997,1.0733346061079923,1209852.1048451152,0.00025818428146687575,0.41922003864268587,0.9295040440181604
433,SPVU,0.41423661183571775,0.26201865723998535,1.5809431900733486,24629.70611596505,0.0,0.002352048558421851,1.0
434,SPYD,0.37999789117007426,0.2443027756812871,1.5554382880439004,1182401.1119936458,9.43727248661353e-05,0.43947455016913906,0.9271331689964352
435,SRLN,0.050972202160930645,0.0811444453334358,0.6281662528035964,1554303.3359809374,0.0,0.0034599975719315284,1.0
436,STIP,0.045227739856336144,0.03037145535889377,1.4891528681088362,476157.98252581415,0.0,0.09337400304218006,1.0
437,STOT,0.0018224725831023857,0.024433376778713798,0.07458946831655755,19671.16759332804,0.0,0.0,1.0
438,SUB,0.0425711137823585,0.033871962497993374,1.256824542861385,332135.1072279587,0.0001985440897821042,0.8351290157079966,0.8855285364711621
439,SUSB,0.03649276684714064,0.04382318244847939,0.8327274471689332,132476.0127084988,0.00012994113050503314,0.5801099282610335,0.906080746642299
440,SUSC,-0.022577353213022754,0.08554236181878325,-0.2639318430423002,137479.50754567116,0.00015265220403367152,0.6586049421213187,0.8984081721262901
441,TDTF,0.022780839242609745,0.05760315849948108,0.3954789951807064,121080.38125496426,0.0002808720010579778,0.08547848044051753,0.9949626663128309
442,TFI,-0.0006466815872381659,0.05824092741543476,-0.011103559231214873,796448.9277204131,0.00020595228718757388,0.8582001372432956,0.884375215383555
443,TILT,0.5526608040609648,0.22350332937016842,2.4727184405635523,21140.349483717237,0.00040959100575755746,0.40286583180250013,0.9165530337781878
444,TIPX,0.0335637199843365,0.048535796428988705,0.6915250692021216,241490.86576648132,0.0004239646857629725,0.2195628792337196,0.9698103922420032
445,TLTD,-0.018599996586251707,0.19287465507100546,-0.09643566999201761,39046.06830818109,0.00020286342070804938,0.771286763306451,0.8904538504430001
446,TLTE,-0.12536082118527286,0.209467483644206,-0.5984738967801145,30325.893566322477,0.00023536571245305285,0.35940656336563004,0.9339397248835649
447,TOK,0.4169343299100989,0.20686177387630908,2.0155213894636743,16069.261318506751,0.0005838437528536319,0.33744083590249063,0.9169104514380735
448,TTAC,0.5140572908684677,0.21337985373193474,2.409118208105385,16030.659253375696,0.00025214879516334397,0.31954299341269377,0.9295306237113335
449,TVIXF,-0.9995031055826578,1.5575473965220785,-0.6417160131463708,1808536.8204924543,0.0002620598734101388,0.9013893517999767,0.8786193923502251
450,UGLDF,0.29763488762702706,0.5146327838474011,0.5783442038066541,62945.54408260524,0.0002620598734101388,0.9760115952206676,0.8786193923502251
451,UITB,0.00014400330534689655,0.046570707075165425,0.0030921434178457774,37563.145353455126,0.00024549713642308063,0.37396105971540805,0.9344304311416753
452,UIVM,-0.11078206900280838,0.19175587721531362,-0.5777245037366777,14020.571882446386,0.00015008129114759073,0.6453697314493737,0.8993359659638483
453,ULVM,0.34741652343769924,0.21853384318606783,1.5897607362439323,16288.244638602066,0.00016719904607463836,0.6708319218198249,0.8968330499806086
454,URTH,0.41374156125359646,0.2056380493301731,2.0119893307745382,133535.34551231135,0.0005820725439407289,0.4253098024945924,0.9123871232849254
455,USCI,0.3378213847547698,0.17778705409593687,1.900146140969723,55739.078633836376,1.3142226699867299e-05,0.06891576270306742,0.9818907471763684
456,USHY,-0.07604422824844852,0.12118361316465233,-0.6275124685804435,1895068.7847498015,0.00021344991492439956,0.8670384537294056,0.8832255178583718
457,USIG,-0.014684912242936082,0.07910642454523709,-0.1856348877775218,742110.4845115171,0.0002620598734101388,0.963102715832727,0.8786193923502251
458,USL,0.7635717877286351,0.37265856277475673,2.0489849529907493,117321.52501985703,0.0,0.0,1.0
459,USRT,0.17728968572539192,0.2529276715634531,0.7009501357818592,224037.88721207308,0.00011863190727428567,0.0026137811611722807,0.9812197919226673
460,USVM,0.3698408375201231,0.2448989839396969,1.5101771006579245,11962.748212867355,0.0001985440897821042,0.8449086645788407,0.8855285364711621
461,VBND,-0.03065360989428302,0.05694266759364209,-0.5383240931569149,23387.370929308974,4.133246199954747e-06,0.09466735594703146,0.9934434414705612
462,VCIT,0.03677358358828792,0.07005959209273303,0.5248900613011459,3252581.7315329625,0.00021344991492439956,0.8661553170641976,0.8832255178583718
463,VCLT,-0.07216339232670271,0.14705241452762471,-0.4907324545367895,704411.5965051628,0.00020595228718757388,0.8528876620096613,0.884375215383555
464,VCSH,0.03213149607406874,0.041022604325457616,0.7832631936078404,3132091.818903892,0.0002620598734101388,0.9931597352632675,0.8786193923502251
465,VEU,0.039321016978599556,0.1979121300177197,0.19867916622937168,3528159.8093725177,0.00037016371035350644,0.6876642877931932,0.8954278186850855
466,VGIT,-0.019108717806819716,0.04339739365087558,-0.4403194800255978,925099.3645750596,0.0001838119149284994,0.7830533533948452,0.8887618893524565
467,VGSH,0.016651266250239407,0.013996689337603271,1.1896574860388158,1484951.787132645,0.00016945158537799338,0.7430622218530485,0.8927415303901323
468,VIDI,-0.12223115773064523,0.21018227398849681,-0.5815483647176397,58078.55440826053,0.00016596109564065586,0.7274660576600738,0.8937458149189769
469,VIOG,0.4138493943254137,0.26528596169099955,1.5600124171193732,15017.474185861794,0.00013650189433178273,0.594640925355746,0.9041149349209004
470,VIOO,0.4111505691417641,0.2650063220874856,1.5514745682408002,53392.53375694996,0.00017411422007425584,0.7567461503804355,0.8916603198781416
471,VIOV,0.3673721632714443,0.2750180892676156,1.3358109070198667,34729.547259729945,0.00016032093213364735,0.7006906589928785,0.8956389895407705
472,VLUE,0.3029503455802866,0.23673877692577874,1.2796819748514043,949323.4312946784,0.0,0.0006167763157894736,1.0
473,VOE,0.4138930278035247,0.23075624671221795,1.7936373714714704,393405.55996822874,0.0001439755621207333,0.6244419509156397,0.9010436744697632
474,VOOV,0.48362960466899574,0.20681439093822737,2.3384717208264743,87246.62430500398,0.0003385998325646008,0.3562760793664311,0.9337870261532067
475,VOT,0.5150564597057041,0.24781437999265093,2.078396175883653,168971.16759332805,0.000801122132985,0.5380602867088287,0.9110096763911691
476,VRIG,0.0606362344818258,0.051598845376397286,1.1751471188842233,125320.8895949166,1.2034457551653458e-08,0.12782481418365538,0.999976304526929
477,VRP,0.02995377061849183,0.1965512511732163,0.15239674354499136,393089.83320095314,8.331526214546661e-05,0.453561281410493,0.927472139566911
478,VSS,-0.010451691328169076,0.19926106110534114,-0.052452251685258744,289076.96584590944,0.0001985440897821042,0.8457961512778486,0.8855285364711621
479,VT,0.3235192460054326,0.20469199237448443,1.580517353182793,2184479.507545671,0.0006650135988107518,0.5810806799097525,0.8952259249740617
480,VTEB,0.029688172597347604,0.06428679831167006,0.46180823088149153,1999999.2851469421,0.000238416057915884,0.8696872215515241,0.8820588171295527
481,VTIP,0.040794732451087036,0.03471648539490556,1.1750824424488957,1598429.1501191421,6.296421503200039e-05,0.3479237055201082,0.9389096722621902
482,VTWG,0.2692223367494111,0.2757870589687595,0.9761964094910921,18725.337569499603,0.00018861465115873138,0.8001960688671905,0.8876868539302505
483,VTWO,0.298572526298408,0.2634543899790284,1.1332987327414628,729940.031771247,0.0001985440897821042,0.8413561157525863,0.8855285364711621
484,VTWV,0.27537327300143516,0.27145010056569935,1.0144526468310748,38183.3995234313,0.00016945158537799338,0.746718089445969,0.8927415303901323
485,VUSE,0.4449992032651366,0.2476951004858109,1.7965603776269614,34729.22954725973,0.00016032093213364735,0.6969753877725431,0.8956389895407705
486,VXUS,0.031146124930381273,0.1971454299555185,0.1579855284365897,2768080.222398729,0.0001552385920451,0.6595476992090212,0.8980749033344482
487,WDIV,0.016384044436954456,0.18269843228088734,0.08967807896547804,23959.253375694996,5.4771749778843105e-05,0.007055455883242284,0.9450326219749942
488,WFHY,0.06829205755771701,0.09871970791733314,0.6917773461698659,14299.682287529786,0.00014773590811231296,0.6396774357590196,0.9002384775106056
489,WIP,-0.07289658496282016,0.10609270877511717,-0.6871026840999767,58589.356632247815,0.00012994113050503314,0.5820508829717062,0.906080746642299
490,WPS,-0.12252560019945456,0.178085893708183,-0.6880140680891254,40000.31771247021,1.840836204491486e-05,0.21142807372629693,0.9760024959865006
491,XAR,0.41553479960994666,0.28316307588527323,1.4674752289324098,142500.1588562351,3.6605981370165436e-08,0.0017591116486174482,0.9998842994330672
492,XHE,0.37638109865822705,0.2569750001743353,1.4646603693078513,50059.96822875298,0.0005664717728801227,0.483480968815708,0.9223430910825868
493,XITK,0.2694156708476959,0.3367829584652239,0.7999682408975444,12900.317712470214,7.601051040342922e-05,0.4171839326240311,0.9307217595237379
494,XLRE,0.29299255308557987,0.23911115670098237,1.2253403694248288,5181060.9213661635,0.0,0.0033995022157469797,1.0
495,XMLV,0.2904686230585316,0.20499005177283805,1.4169888760280795,254576.7275615568,7.583132206819968e-05,0.42328294186296533,0.9307668600980186
496,XMPT,-0.019252406196489047,0.11990291308986126,-0.16056662595061663,43694.83717235902,0.0,0.0,0.0
497,XMVM,0.5998832028449267,0.27047564573747274,2.21788250549989,23417.315329626686,3.7540799571089775e-05,0.027933820700269334,0.9580124880509284
498,XSLV,0.08743559350302649,0.23701160904715604,0.3689084845022516,245706.91024622717,0.000131911549596292,0.5878696040719587,0.9052239790057178
499,XSMO,0.6666437694386185,0.2804231359741879,2.3772780627486494,18538.999205718825,1.376984271793499e-05,0.06762148013678389,0.981137293865299
500,XSOE,-0.13421132740962147,0.23368493885054173,-0.5743259624252431,488840.19062748214,0.00037467713869211976,0.06291858678955453,0.9840634270649297
501,XSW,0.5903391771243708,0.28741051586533445,2.053992963155784,27929.785544082606,0.00017411422007425584,0.7594767138327035,0.8916603198781416
502,XTL,0.3071385171280847,0.24338096526132383,1.2619660571988565,14673.39158061954,0.0,0.12183476986590612,1.0
503,XTN,0.30019844202090334,0.2847615996499249,1.054209705205884,55745.35345512311,9.722721454712812e-06,0.07528120341509689,0.9858829759559998
504,XYLD,0.023901955410139356,0.17912319538747307,0.13343863902402744,128107.62509928514,0.0005143208975066639,0.1473045758241064,0.9313762555667379
